{
    "total_runtime": 293.92138671875,
    "num_documents": 1,
    "input_load_time": 0,
    "workflows": {
        "create_base_text_units": {
            "overall": 0.3636777400970459
        },
        "create_final_documents": {
            "overall": 0.10587477684020996
        },
        "extract_graph": {
            "overall": 200.33372521400452
        },
        "finalize_graph": {
            "overall": 0.2027266025543213
        },
        "create_communities": {
            "overall": 0.3217625617980957
        },
        "create_final_text_units": {
            "overall": 0.38341593742370605
        },
        "create_community_reports": {
            "overall": 86.84354281425476
        },
        "generate_text_embeddings": {
            "overall": 5.000316143035889
        }
    }
}